address,OpenSea_NFTs ETH,PolygonScan_NFTs,MintChain_NFTs
0x1Dd2a0320b040B39F1320005aF31109D4C7B8c23,"Base, Introduced 480569, MathWallet X BMM Neymar Jr. HUMAN NFT","smartdiving.game, EDNS, ENS: Ethereum Name Service Flyer, Umbra OG Supporters, EDNS, gho.lens-Collect-1, Credit DAO Proof, Ethereum Name Service Airdrop, Gateway Protocol, Gateway Protocol, Gateway Protocol, Galxe OAT, Galxe OAT, Galxe OAT, Galxe OAT, CustomToken, SmartCat Reward, Brc:ID, MORCHI Mint Pass",MintCat #2426-20238
0x8daFc6738d93e876CF0fbd454BaF22cd12f3C74A,Không có NFT,"Credit DAO Proof, Yeah1, SmartCat Reward, MORCHI Mint Pass",MintCat #2426-20571
0x96D5cbe7D9a0cBd7cf786f8CAB6fa19A108711Fc,Không có NFT,"lala, SmartCat Reward, Brc:ID, MORCHI Mint Pass",MintCat #2426-20991
0xe4ADcE5d3fd75e948248DADDd4b5e9Bf6Aad73aB,"Shanghai: Open Edition, Regenesis: Open Edition","lala, SmartCat Reward, MORCHI Mint Pass",MintCat #2426-21466
0x5E66e1D349E069F26e2D791D5933c381e91C0E0c,"Shanghai: Open Edition, Regenesis: Open Edition","Pizzzaz, SmartCat Reward, Brc:ID, MORCHI Mint Pass",MintCat #2426-22681
0xA8Db837a7c8E428419F6581E21Cc4742413eE876,"Shanghai: Open Edition, Regenesis: Open Edition","Butterflyyy, SmartCat Reward, MORCHI Mint Pass",MintCat #2426-22419
0xd1A66eCd95027256910C3408C49f2AD2bFccB4A9,"Shanghai: Open Edition, Regenesis: Open Edition, Regenesis: Open Edition","Edogawaa, SmartCat Reward, Brc:ID, MORCHI Mint Pass",MintCat #2426-24107
0xD054213Ce20CBB24F1AB96A8026C7d734816188e,"Shanghai: Open Edition, Regenesis: Open Edition, Regenesis: Open Edition, Regenesis: Open Edition","lala, SmartCat Reward, Brc:ID, MORCHI Mint Pass",MintCat #2426-24408
0xC1F7316a2890af8A6C8bb9dDE35909aa0cfc6387,"Shanghai: Open Edition, Regenesis: Open Edition","MyToken, Conan, SmartCat Reward, MORCHI Mint Pass",MintCat #2426-24639
0x6dc22A147365E6877A711601353BC2926E66782b,Không có NFT,"Credit DAO Proof, MyERC721Token, lala, SmartCat Reward, Brc:ID, MORCHI Mint Pass",MintCat #2426-24882
0x7312b61875693dB6937Fefa275F105ba4CC4A42d,Không có NFT,"Credit DAO Proof, lala, SmartCat Reward, MORCHI Mint Pass",MintCat #2426-25080
0x93CAcFc310360440fC284C3ea7B4d5e01eb0c107,Không có NFT,"Credit DAO Proof, KAKATOKEN, Latinoi, SmartCat Reward, Brc:ID, MORCHI Mint Pass",MintCat #2426-25156
0x2C7b646DBB22aFCbFb622c85c58ABd3Aee46d3ac,Không có NFT,"Credit DAO Proof, Ceeliuss, SmartCat Reward, MORCHI Mint Pass",MintCat #2426-25240
0x6d38c87B94ACD314C71d01014D167bA9a0448Ede,Không có NFT,"Credit DAO Proof, leornado, SmartCat Reward, Brc:ID, MORCHI Mint Pass",MintCat #2426-25337
0x66B3D8344Fc1f2b395dE30Df23d2b847bd110877,Không có NFT,"Credit DAO Proof, Memecoiin, SmartCat Reward, MORCHI Mint Pass",MintCat #2426-25433
0xc982925F13faf9d9cC7B0bc163DE365FdDbfA82f,Không có NFT,"Credit DAO Proof, SmartCat Reward, MORCHI Mint Pass",MintCat #2426-25516
0x14f6B619fE3f29D0F11ddf972239af09ea684C3a,Không có NFT,"Credit DAO Proof, lala, SmartCat Reward, Brc:ID, MORCHI Mint Pass",MintCat #2426-25624
0x1E37DA5dE212fE9e0a1E7D815A34aDe788d4317D,Không có NFT,"Credit DAO Proof, lala, SmartCat Reward, MORCHI Mint Pass",MintCat #2426-25709
0x6e017a9b0C029fCE841d57a7317CB3920C868008,Không có NFT,"Credit DAO Proof, depintokn, SmartCat Reward, MORCHI Mint Pass",MintCat #2426-25780
0x7b35F7dCC0eF228aBb1fB283BB0aa7b5F75A6f4a,Không có NFT,"Credit DAO Proof, Clockki, SmartCat Reward, MORCHI Mint Pass",MintCat #2426-25841
0x7C4B69b6154FDdddfa9C83B185d4277aeaE280C2,Không có NFT,"SmartCat Reward, SmartCat Reward, SmartCat Reward, Brc:ID, MORCHI Mint Pass",MintCat #2426-6153
0x5f487dCa84Ad776Ba9849bECf8bA757443625F02,Không có NFT,"SmartCat Reward, Brc:ID, MORCHI Mint Pass",MintCat #2426-6415
0x1C9DD7bB5aEc30851723E3D3318Ee2f9A4a15FA6,Không có NFT,"SmartCat Reward, MORCHI Mint Pass",MintCat #2426-2283
0x488dE4E55cb5092E80AFE6f7dCE3b92dD6Aa5606,Không có NFT,"SmartCat Reward, Brc:ID, MORCHI Mint Pass",MintCat #2426-2722
0xA37bF6A7B2b0e1980ea3a44fbF859d5631eB9D9e,Không có NFT,"SmartCat Reward, Brc:ID, MORCHI Mint Pass",MintCat #2426-2957
0xA2B59018d9843758309da897D5670578024578B0,Không có NFT,"SmartCat Reward, Galxe OAT, Brc:ID, MORCHI Mint Pass",MintCat #2426-3170
0xfaE2dBd0818754f2c08E3327E7aE84c8859078Fe,Không có NFT,"SmartCat Reward, Galxe OAT, Brc:ID, MORCHI Mint Pass",MintCat #2426-3418
0xeFEA65fC1E408FADD63D7035eE52c80bdF0A8574,Không có NFT,"SmartCat Reward, Galxe OAT, Brc:ID, MORCHI Mint Pass",MintCat #2426-3563
0xA5E7d4eDDa4ff87bCB6F68387682F20ebD5e9586,Không có NFT,"SmartCat Reward, Galxe OAT, Brc:ID, MORCHI Mint Pass",MintCat #2426-3658
0xa77f118CaD5D5400510C88E7E7CB9a3BE2216505,Không có NFT,"SmartCat Reward, Brc:ID, MORCHI Mint Pass",Không có NFT
0xDd6d46F143AC87752C3fbC65e8552D8751D712Af,Không có NFT,"SmartCat Reward, Galxe OAT, Brc:ID, MORCHI Mint Pass",MintCat #2426-4053
0xB032585F3AFA9Dde5FdC3e5B657581bC8d1BFd52,Không có NFT,"SmartCat Reward, Galxe OAT, Brc:ID, MORCHI Mint Pass",Không có NFT
0x37c81112F6d6e4281945dc2e2f47168d202615aC,Không có NFT,"SmartCat Reward, MORCHI Mint Pass",MintCat #2426-4859
0x1a99a60D8f91A6b05ccd32A33322797cAaa388b3,Không có NFT,"SmartCat Reward, MORCHI Mint Pass",MintCat #2426-4980
0xC8F9ed1B8e508B74504CEc847Ba05efa095504CC,Không có NFT,"SmartCat Reward, Galxe OAT, MORCHI Mint Pass",MintCat #2426-5115
0xDF51C6EE3A7c46da707b1345C9d86F08123a6a9b,Không có NFT,"SmartCat Reward, MORCHI Mint Pass",MintCat #2426-5291
0x0A625ba556314D1261d070d94B919Bf735618a3C,Không có NFT,SmartCat Reward,MintCat #2426-5443
0x37539d5D72db3ff622336f07d7165Ee9f0eF98a1,Không có NFT,"SmartCat Reward, MORCHI Mint Pass",MintCat #2426-5577
0x84d70546C311fA61adF6aEaE93F889c1313264C0,Không có NFT,"SmartCat Reward, MORCHI Mint Pass",MintCat #2426-5729
0xB2129830a24F66D48D6F654d356915515230ee72,Không có NFT,"SmartCat Reward, MORCHI Mint Pass",MintCat #2426-5881
0xE32bA1Cd3Bb5EC9234Eb44aA2C6FACE1C579F99b,Không có NFT,"SmartCat Reward, MORCHI Mint Pass",MintCat #2426-6759
0xd834eF5429606D80a41AA0Bbb6aae1cc1D0ddF41,Không có NFT,"SmartCat Reward, Galxe OAT, MORCHI Mint Pass",MintCat #2426-8571
0x64560d2b5CDab80120333357D908a24BF8BF152d,Không có NFT,"SmartCat Reward, MORCHI Mint Pass",MintCat #2426-8759
0x91A600475a781038771E329dDA9E98baa45326c2,Không có NFT,"SmartCat Reward, MORCHI Mint Pass",MintCat #2426-8892
0x34F08FF649410511e1de7EAc581cAc012B1fE1ee,Không có NFT,"SmartCat Reward, MORCHI Mint Pass",MintCat #2426-8999
0xDF56388C8a323B4A908C75416A0a05e2C0fBd985,Không có NFT,"SmartCat Reward, Galxe OAT, MORCHI Mint Pass",MintCat #2426-9141
0x8c3EE37d7046245519aD9b76227E793B33B3a369,Không có NFT,"SmartCat Reward, MORCHI Mint Pass",MintCat #2426-9249
0xfb9819464F83E5A818c9C9401621aBaB4234e51E,Không có NFT,"SmartCat Reward, MORCHI Mint Pass",MintCat #2426-9361
0x2A2ff47Fe0DA3E9bc159b1C88c63598007E186c9,Không có NFT,"SmartCat Reward, MORCHI Mint Pass",MintCat #2426-9506
0xb128a570b1A45731220399F908F39742fa286d07,Không có NFT,"SmartCat Reward, Galxe OAT, MORCHI Mint Pass",MintCat #2426-9654
0x4A47e86C5aeE9E7f9161A0b30Fb9C8f97D73C4E0,Không có NFT,"SmartCat Reward, Galxe OAT, MORCHI Mint Pass",MintCat #2426-9771
0x1430C1184218134c54E0fc62123476D8B4531d43,Không có NFT,"SmartCat Reward, MORCHI Mint Pass",MintCat #2426-9876
0x2e6E83C02CfC4bf87F1373819173b4F06D4D7586,Không có NFT,"SmartCat Reward, MORCHI Mint Pass",Không có NFT
0x415C28dE67806f46e3217Fe2057815F245b93720,Không có NFT,"SmartCat Reward, MORCHI Mint Pass",Không có NFT
0xe5669107c2C0cb2D8eBa9124587ef620FD7FA38B,Không có NFT,"SmartCat Reward, MORCHI Mint Pass",MintCat #2426-10365
0x55c5E798F4CFAD1f13A13f9Cb78E6735CCB6Ae9F,Không có NFT,"SmartCat Reward, MORCHI Mint Pass",MintCat #2426-10568
0x521D3d69E713d21Ee19576d199E148B28B3cC550,Không có NFT,"SmartCat Reward, MORCHI Mint Pass",MintCat #2426-10734
0x58Cbb4Da18720b9cfa0166EE6136B91086eDE765,Không có NFT,"SmartCat Reward, MORCHI Mint Pass",MintCat #2426-10804
0xbf8Fb9738E0b040d2aDF8392DDD07c8f3f2A8f37,Không có NFT,"SmartCat Reward, MORCHI Mint Pass",MintCat #2426-10910
0xa3afB347773d078e41bEf7d0544cBD60F062b357,Không có NFT,"SmartCat Reward, MORCHI Mint Pass",MintCat #2426-10997
0x63FF4a8954AB961893D224F9383bf2543ab0349C,Không có NFT,"SmartCat Reward, Galxe OAT, MORCHI Mint Pass",MintCat #2426-11524
0x5A2279043b900B580510bdE5CF6B99C973Ad3500,Không có NFT,"SmartCat Reward, Galxe OAT, MORCHI Mint Pass",MintCat #2426-11622
0x3cf14B5Ff1641f7E4c7c96142456ce646d957c2e,Không có NFT,"SmartCat Reward, Galxe OAT, MORCHI Mint Pass",MintCat #2426-11724
0x1a3F70DD7c914Dbbb68B62D60c41198F0B29B62b,Không có NFT,"SmartCat Reward, Galxe OAT, MORCHI Mint Pass",MintCat #2426-11816
0xCf015AbA317d31Aacf88D26962c70949F857ED9a,Không có NFT,"SmartCat Reward, Galxe OAT, MORCHI Mint Pass",MintCat #2426-11928
0xf5682388D7495c00Bf2f08270d69874A53811DfD,Không có NFT,"SmartCat Reward, MORCHI Mint Pass",MintCat #2426-12009
0x99B6465656B514e625f2774Be7a659A6cc75E699,Không có NFT,"SmartCat Reward, MORCHI Mint Pass",MintCat #2426-12152
0x1C3Be905C4d8A517BD859147E9189c10aD285B3f,Không có NFT,"SmartCat Reward, MORCHI Mint Pass",MintCat #2426-12310
0xc7cb870b4AA0C7D05B5f51051454a5b50F824119,Không có NFT,"SmartCat Reward, MORCHI Mint Pass",MintCat #2426-12530
0xA0471118731d6c77d56C2D594991BDc1d69B309F,Không có NFT,"SmartCat Reward, Galxe OAT, MORCHI Mint Pass",MintCat #2426-12842
0x33A44079b96B3434F20a7bF04a7E79118f354E38,Không có NFT,"SmartCat Reward, MORCHI Mint Pass",MintCat #2426-13101
0xA67522345b8BFbaDD3271851627E5F37e94c6310,Không có NFT,"SmartCat Reward, MORCHI Mint Pass",MintCat #2426-13298
0x734233780450E665d34bA597AED7f7D7801D1275,Không có NFT,"SmartCat Reward, MORCHI Mint Pass",MintCat #2426-13635
0x135deaB704Ac4Bdd64749528Ce9bb295DE01741B,Không có NFT,SmartCat Reward,MintCat #2426-13831
0x47BdE880a8dDdfdC8751820D26e4f712fdD77C86,Không có NFT,"SmartCat Reward, MORCHI Mint Pass",MintCat #2426-14053
0x28Eb3C9b26E167301DfdCa751D91e679E32cf919,Không có NFT,"SmartCat Reward, Galxe OAT, MORCHI Mint Pass",MintCat #2426-14241
0x7c3640284170e92E877A6366F6efc1571fD54613,Không có NFT,"SmartCat Reward, Galxe OAT, MORCHI Mint Pass",MintCat #2426-14431
0x50984685684Ed619411C9561aEA32c2189a669dA,Không có NFT,"SmartCat Reward, MORCHI Mint Pass",MintCat #2426-14693
0x318d5b7B8701989Fc9B9C245684987bfcCbDEDD5,Không có NFT,"SmartCat Reward, MORCHI Mint Pass",MintCat #2426-15007
0x4590Ad3d4a090791b9b49e986576fC8C7B0Ec077,Không có NFT,"SmartCat Reward, MORCHI Mint Pass",MintCat #2426-15224
0x0c3D1469b84B99036Fef3242fa785EE58654B7A2,Không có NFT,"SmartCat Reward, MORCHI Mint Pass",MintCat #2426-15469
0x318e78912229699cd32780813A754F38b0AE8f4b,Không có NFT,"SmartCat Reward, MORCHI Mint Pass",MintCat #2426-15716
0x86116a3fe8b83F091f0251369Ee46A394BF0d060,Không có NFT,"SmartCat Reward, MORCHI Mint Pass",MintCat #2426-139
0xBC2226220aA5aD003F2E63e02261d32AD309547e,Không có NFT,"SmartCat Reward, MORCHI Mint Pass",MintCat #2426-385
0x9Bb7645CEAD6a3548c7b0986b0DC2398F20dA1E5,Không có NFT,"SmartCat Reward, MORCHI Mint Pass",MintCat #2426-634
0x55fb64C6f8dFdeCF908905880eA7F8Ef2280Cc4F,Không có NFT,"SmartCat Reward, MORCHI Mint Pass",MintCat #2426-874
0x8D2b945f76A5ae552869160a47F0C6Fc5F735fe8,Không có NFT,"SmartCat Reward, MORCHI Mint Pass",MintCat #2426-16028
0x94E69771EF864C8FDbccB5FE98AF95056a8e55aC,Không có NFT,"SmartCat Reward, MORCHI Mint Pass",MintCat #2426-16284
0x103FcA0E18C15Fb2f6E6b08E77486407F9735658,Không có NFT,"SmartCat Reward, MORCHI Mint Pass",MintCat #2426-16512
0x7Ff63Cf1Ee89055f5793eF97C88036B3F598A66d,Không có NFT,"SmartCat Reward, MORCHI Mint Pass",MintCat #2426-16854
0x63bb84722a1dD3BFC8f1fc097799195422412341,Không có NFT,"SmartCat Reward, MORCHI Mint Pass",MintCat #2426-17128
0xFB78b1cb180610A4Ca6f07A123a7cc9f19040115,Không có NFT,"SmartCat Reward, MORCHI Mint Pass",MintCat #2426-17458
0xad05cC43e7d3d9a386098539CcC2C2Ccb2297227,Không có NFT,"SmartCat Reward, MORCHI Mint Pass",MintCat #2426-17849
0x2b5668430a7645d85ceE4F3AE2A2D4032BD767C4,Không có NFT,"SmartCat Reward, MORCHI Mint Pass",MintCat #2426-18062
0x3Fa15472c6F9Be96274669ea7a40d9f9d2C9128E,Không có NFT,"SmartCat Reward, MORCHI Mint Pass",MintCat #2426-18232
0x70d0Fd782E20EF9148D4E55B83d8BA14AbcbCB0e,Không có NFT,"SmartCat Reward, MORCHI Mint Pass",MintCat #2426-18545
0x37D95C904092984dCdba666d9E5b8674f5cE43E2,Không có NFT,"SmartCat Reward, MORCHI Mint Pass",MintCat #2426-18767
0x1608a0f03491Ce1866CeEeC0efD0a5fFc0807cB2,Không có NFT,"SmartCat Reward, MORCHI Mint Pass",MintCat #2426-19076
0xB58b4b61B8C2981c2216FE30b2bccd797EaC6225,Không có NFT,"SmartCat Reward, MORCHI Mint Pass",MintCat #2426-19293
0x862ca045799679a2E48d25527CE532c124ED7ce6,Không có NFT,"SmartCat Reward, MORCHI Mint Pass",MintCat #2426-19469
